ÔĽŅclasificaciones reales,archivo,Transcripcion de referencia
Violencia,TC01_01_ang.wav,"""¬¨¬įYa estoy harto de esta situaci‚ąö‚Č•n, resu‚ąö¬©lvelo ahora!"","
Violencia,TC01_02_ang.wav,"""Son unos completos in‚ąö‚ąętiles, quiero hablar con tu supervisor."","
Violencia,TC01_03_ang.wav,"""¬¨¬įEsto es una estafa, devu‚ąö¬©lveme mi dinero inmediatamente!"","
Violencia,TC01_04_ang.wav,"""No tienes idea de con qui‚ąö¬©n te est‚ąö¬įs metiendo, te voy a demandar."","
Violencia,TC01_05_ang.wav,"""¬¨¬įMaldita sea, no funciona absolutamente nada!"","
Violencia,TC01_06_ang.wav,"""Viejo est‚ąö‚ąępido, ap‚ąö‚ąęrese que est‚ąö¬į retrasando a toda la fila."","
Violencia,TC01_07_ang.wav,"""C‚ąö¬įllese la boca, anciana in‚ąö‚ąętil, usted no entiende nada."","
Violencia,TC01_08_ang.wav,"""Eres un vejestorio inservible, ya deber‚ąö‚Č†as estar en un asilo."","
Violencia,TC01_09_ang.wav,"""Maldito viejo sordo, te estoy gritando y no me haces caso."","
Violencia,TC01_10_ang.wav,"""Se‚ąö¬Īora, no sea tan pendeja, lea lo que dice el papel."","
Violencia,TC01_11_ang.wav,"""Me tienes harto con tus achaques, viejo llor‚ąö‚Č•n y rid‚ąö‚Č†culo."","
Violencia,TC01_12_ang.wav,"""Eres una carga para tu familia, anciana decr‚ąö¬©pita."","
Violencia,TC01_13_ang.wav,"""No me quite el tiempo, viejo idiota, no le voy a explicar de nuevo."","
Violencia,TC01_14_ang.wav,"""Huele a viejo muerto, h‚ąö¬įgase para all‚ąö¬į."","
Violencia,TC01_15_ang.wav,"""Chingada madre, estos viejitos que nom‚ąö¬įs vienen a estorbar."","
Violencia,TC01_16_ang.wav,"""A ver, momia, firmas de una maldita vez."","
Violencia,TC01_17_ang.wav,"""Pinche vieja loca, v‚ąö¬įyase a su casa a tejer y deje de molestar."","
Violencia,TC01_18_ang.wav,"""Eres demasiado imb‚ąö¬©cil para usar un cajero autom‚ąö¬įtico."","
Violencia,TC01_19_ang.wav,"""Qu‚ąö¬© asco me da atender a gente tan vieja y tonta como t‚ąö‚ąę."","
Violencia,TC01_20_ang.wav,"""Malditos rucos, deber‚ąö‚Č†an prohibirles salir a la calle."","
Violencia,TC01_21_ang.wav,"""Se‚ąö¬Īor, no sea cabr‚ąö‚Č•n y pague lo que debe."","
Violencia,TC01_22_ang.wav,"""Eres una anciana rid‚ąö‚Č†cula, nadie te va a hacer caso aqu‚ąö‚Č†."","
Violencia,TC01_23_ang.wav,"""Viejo ratero, seguro te quieres robar las cosas de la tienda."","
Violencia,TC01_24_ang.wav,"""V‚ąö¬įyase al diablo con su pensi‚ąö‚Č•n de miseria viejo mugroso."","
Violencia,TC01_25_ang.wav,"""C‚ąö¬įllate ya, vieja chismosa y metiche."","
Violencia,TC01_26_ang.wav,"""No sirves para nada, eres un estorbo para la sociedad."","
Violencia,TC01_27_ang.wav,"""Pedazo de animal, te dije que el bot‚ąö‚Č•n rojo, no el verde."","
Violencia,TC01_28_ang.wav,"""Ojal‚ąö¬į ya te mueras para que dejes de dar l‚ąö¬įstima, viejo feo."","
Violencia,TC01_29_ang.wav,"""Eres una vieja bruja amargada, por eso est‚ąö¬įs sola."","
Violencia,TC01_30_ang.wav,"""Qu‚ąö¬© desesperante es hablar con un viejo tan pendejo."","
Violencia,TC01_31_ang.wav,"""Anciano miserable, l‚ąö¬įrguese de mi ventanilla ahora mismo."","
Violencia,TC01_32_ang.wav,"""A tu edad ya tienes el cerebro podrido, no entiendes razones."","
Violencia,TC01_33_ang.wav,"""Vieja est‚ąö‚ąępida, por eso los estafan a cada rato."","
Violencia,TC01_34_ang.wav,"""No te soporto, viejo de mierda."","
Violencia,TC01_35_ang.wav,"""L‚ąö¬įrgate a morir a otro lado, aqu‚ąö‚Č† nom‚ąö¬įs estorbas."","
Violencia,TC01_36_ang.wav,"""Eres tan tonta que no sabes ni decir tu nombre, vieja loca."","
Violencia,TC01_37_ang.wav,"""Me da asco tocar tu credencial, viejo ro‚ąö¬Īoso."","
Violencia,TC01_38_ang.wav,"""Chinga tu madre, anciano, a m‚ąö‚Č† no me vas a venir a gritar."","
Violencia,TC01_39_ang.wav,"""Pobre viejo pat‚ąö¬©tico, das mucha l‚ąö¬įstima."","
Violencia,TC01_40_ang.wav,"""Vieja in‚ąö‚ąętil, ojal‚ąö¬į tus hijos te metan a un asilo pronto."","
Violencia,TC01_41_ang.wav,"""No mames, abuelo, hueles a pura medicina y a orines."","
Violencia,TC01_42_ang.wav,"""Eres un desperdicio de ox‚ąö‚Č†geno, viejo est‚ąö‚ąępido."","
Violencia,TC01_43_ang.wav,"""C‚ąö¬įllese, momia viviente, nadie le pidi‚ąö‚Č• su opini‚ąö‚Č•n."","
Violencia,TC01_44_ang.wav,"""Vete a la mierda con tus quejas de jubilado."","
Violencia,TC01_45_ang.wav,"""Se‚ąö¬Īora, es usted la persona m‚ąö¬įs idiota que he atendido hoy."","
Neutral,TC02_01_neu.wav,"i c‚ąö‚Č•digo postal es cero tres uno cero cero."","
Neutral,TC02_02_neu.wav,"a direcci‚ąö‚Č•n de env‚ąö‚Č†o es Avenida Reforma 222."","
Neutral,TC02_03_neu.wav,"e gustar‚ąö‚Č†a revisar el saldo de mi cuenta corriente."","
Neutral,TC02_04_neu.wav,"uiero saber los horarios de atenci‚ąö‚Č•n al cliente."","
Neutral,TC02_05_neu.wav,"‚ąö‚Č†, confirmo que los datos en la pantalla son correctos."","
Neutral,TC02_06_neu.wav,"uenos d‚ąö‚Č†as, se‚ąö¬Īor, por favor tome asiento en lo que reviso su caso."","
Neutral,TC02_07_neu.wav,"e‚ąö¬Īora, aqu‚ąö‚Č† tiene su tarjeta, recuerde no compartir su NIP con nadie."","
Neutral,TC02_08_neu.wav,"on Roberto, su pensi‚ąö‚Č•n ya fue depositada en su cuenta de ahorros."","
Neutral,TC02_09_neu.wav,"e explico paso a paso c‚ąö‚Č•mo debe tomar su medicamento para la presi‚ąö‚Č•n."","
Neutral,TC02_10_neu.wav,"e‚ąö¬Īorita, no se preocupe, yo le ayudo a llenar el formulario."","
Neutral,TC02_11_neu.wav,"on mucho gusto le repito la informaci‚ąö‚Č•n, don Antonio."","
Neutral,TC02_12_neu.wav,"ara su tr‚ąö¬įmite de viudez, necesito que me preste su acta de matrimonio."","
Neutral,TC02_13_neu.wav,"o‚ąö¬Īa Carmen, su cita con el geriatra qued‚ąö‚Č• para el pr‚ąö‚Č•ximo martes a las diez."","
Neutral,TC02_14_neu.wav,"e voy a entregar un comprobante con letra grande para que pueda leerlo bien."","
Neutral,TC02_15_neu.wav,"e‚ąö¬Īor, el elevador est‚ąö¬į al fondo a la derecha para que no suba escaleras."","
Neutral,TC02_16_neu.wav,"or favor, firme en la l‚ąö‚Č†nea marcada con una 'X', t‚ąö‚Č•mese su tiempo."","
Neutral,TC02_17_neu.wav,"√łGusta que le traiga un vaso de agua mientras esperamos su turno?"","
Neutral,TC02_18_neu.wav,"u pr‚ąö¬©stamo ya fue aprobado, el dinero estar‚ąö¬į disponible ma‚ąö¬Īana."","
Neutral,TC02_19_neu.wav,"e recuerdo que su cita de supervivencia es en el mes de octubre."","
Neutral,TC02_20_neu.wav,"o‚ąö¬Īa Mar‚ąö‚Č†a, los estudios de laboratorio salieron muy bien."","
Neutral,TC02_21_neu.wav,"i tiene alguna duda con el cajero, nuestro personal le puede orientar."","
Neutral,TC02_22_neu.wav,"l tr‚ąö¬įmite es totalmente gratuito para personas de la tercera edad."","
Neutral,TC02_23_neu.wav,"e‚ąö¬Īor, su credencial de jubilado ya est‚ąö¬į lista para entregarse."","
Neutral,TC02_24_neu.wav,"e confirmo que la transferencia a la cuenta de su nieto fue exitosa."","
Neutral,TC02_25_neu.wav,"or su seguridad, le pedimos que actualice su n‚ąö‚ąęmero de tel‚ąö¬©fono."","
Neutral,TC02_26_neu.wav,"√łMe permite su huella digital en este aparato, por favor?"","
Neutral,TC02_27_neu.wav,"i gusta, puede venir acompa‚ąö¬Īado de un familiar la pr‚ąö‚Č•xima vez."","
Neutral,TC02_28_neu.wav,"e entrego su receta m‚ąö¬©dica y el pase para la farmacia."","
Neutral,TC02_29_neu.wav,"on Luis, el descuento de adulto mayor ya fue aplicado en su recibo."","
Neutral,TC02_30_neu.wav,"o se preocupe por el tiempo, estoy aqu‚ąö‚Č† para atenderle."","
Neutral,TC02_31_neu.wav,"ara cancelar el servicio, solo necesito una copia de su identificaci‚ąö‚Č•n."","
Neutral,TC02_32_neu.wav,"e‚ąö¬Īora, le entrego su bast‚ąö‚Č•n nuevo, tenga mucho cuidado al caminar."","
Neutral,TC02_33_neu.wav,"l estado de cuenta llegar‚ąö¬į a su domicilio en los pr‚ąö‚Č•ximos cinco d‚ąö‚Č†as."","
Neutral,TC02_34_neu.wav,"e aviso que la sucursal cerrar‚ąö¬į temprano el d‚ąö‚Č†a de ma‚ąö¬Īana por d‚ąö‚Č†a festivo."","
Neutral,TC02_35_neu.wav,"e‚ąö¬Īor, por favor revise que su nombre est‚ąö¬© escrito correctamente."","
Neutral,TC02_36_neu.wav,"e voy a dictar su n‚ąö‚ąęmero de folio despacio para que lo pueda anotar."","
Neutral,TC02_37_neu.wav,"on este papel usted puede pasar directamente a la ventanilla preferencial."","
Neutral,TC02_38_neu.wav,"o‚ąö¬Īa Elena, su paquete de medicinas ya est‚ąö¬į completo."","
Neutral,TC02_39_neu.wav,"ecuerde que no necesita hacer fila, pase directamente al escritorio."","
Neutral,TC02_40_neu.wav,"e llamamos para confirmar su asistencia al grupo de apoyo de ma‚ąö¬Īana."","
Neutral,TC02_41_neu.wav,"e‚ąö¬Īor, la silla de ruedas que solicit‚ąö‚Č• ya fue autorizada."","
Neutral,TC02_42_neu.wav,"l seguro cubre todos los gastos de su hospitalizaci‚ąö‚Č•n, est‚ąö¬© tranquilo."","
Neutral,TC02_43_neu.wav,"e voy a marcar con un marcatextos amarillo d‚ąö‚Č•nde tiene que firmar."","
Neutral,TC02_44_neu.wav,"√łHay algo m‚ąö¬įs en lo que le pueda ayudar el d‚ąö‚Č†a de hoy, se‚ąö¬Īor?"","
Neutral,TC02_45_neu.wav,"uchas gracias por su visita, que tenga un excelente fin de semana."","
Neutral,TC02_46_neu.wav,"e‚ąö¬Īor, tenga mucho cuidado con los fraudes telef‚ąö‚Č•nicos, nunca d‚ąö¬© sus contrase‚ąö¬Īas por tel‚ąö¬©fono."","
Neutral,TC02_47_neu.wav,"e aviso que si siente un dolor fuerte en el pecho o falta de aire, llame de inmediato a una ambulancia."","
Neutral,TC02_48_neu.wav,"amentamos profundamente el fallecimiento de su esposo, estamos aqu‚ąö‚Č† para apoyarle con el seguro."","
Neutral,TC02_49_neu.wav,"o‚ąö¬Īa Mar‚ąö‚Č†a, si alguien la amenaza o le exige dinero en la calle, grite y pida ayuda a la polic‚ąö‚Č†a."","
Neutral,TC02_50_neu.wav,"e‚ąö¬Īor, bloqueamos su tarjeta porque detectamos un intento de robo de identidad en su cuenta."","
Neutral,TC02_51_neu.wav,"s vital que se tome la pastilla, porque una presi‚ąö‚Č•n alta puede provocar un derrame cerebral severo."","
Neutral,TC02_52_neu.wav,"e recomiendo que no vaya solo al cajero en la noche, hay mucho peligro de asaltos con violencia."","
Neutral,TC02_53_neu.wav,"i llega a sufrir una ca‚ąö‚Č†da y se fractura, su p‚ąö‚Č•liza de gastos m‚ąö¬©dicos cubre la cirug‚ąö‚Č†a de urgencia."","
Neutral,TC02_54_neu.wav,"e‚ąö¬Īora, no abra la puerta a desconocidos, hay criminales que se hacen pasar por empleados del gobierno."","
Neutral,TC02_55_neu.wav,"e informo que los estafadores buscan aprovecharse de los adultos mayores rob‚ąö¬įndoles su pensi‚ąö‚Č•n."","
Neutral,TC02_56_neu.wav,"ara evitar un accidente fatal en el ba‚ąö¬Īo, le sugerimos instalar barras de seguridad en la pared."","
Neutral,TC02_57_neu.wav,"on Juan, si la herida de su diabetes no sana y se infecta, podr‚ąö‚Č†an tener que amputar, cu‚ąö‚Č†dese mucho."","
Neutral,TC02_58_neu.wav,"n caso de un terremoto o incendio, mantenga la calma y salga por la ruta de evacuaci‚ąö‚Č•n."","
Neutral,TC02_59_neu.wav,"i usted es v‚ąö‚Č†ctima de violencia familiar o abuso f‚ąö‚Č†sico por parte de sus cuidadores, den‚ąö‚ąęncielo de inmediato."","
Neutral,TC02_60_neu.wav,"l hospital report‚ąö‚Č• que su examen de c‚ąö¬įncer result‚ąö‚Č• negativo, es una excelente noticia."","
Neutral,TC02_61_neu.wav,"e‚ąö¬Īorita, no caiga en el enga‚ąö¬Īo del secuestro virtual, cuelgue el tel‚ąö¬©fono si la intentan extorsionar."","
Neutral,TC02_62_neu.wav,"enga cuidado al cruzar esa avenida, muchos abuelitos han sufrido atropellamientos ah‚ąö‚Č†."","
Neutral,TC02_63_neu.wav,"e estamos llamando de prevenci‚ąö‚Č•n de fraudes porque vimos un cargo muy agresivo en su cuenta de ahorros."","
Neutral,TC02_64_neu.wav,"i un delincuente le arranca la bolsa con violencia, no oponga resistencia, su vida es lo m‚ąö¬įs importante."","
Neutral,TC02_65_neu.wav,"l doctor dice que si el tumor crece, ser‚ąö¬į necesario intervenir de emergencia para salvarle la vida."","
Neutral,TC02_66_neu.wav,"i nota debilidad en un brazo o par‚ąö¬įlisis facial, vaya a urgencias porque es se‚ąö¬Īal de un infarto cerebral."","
Neutral,TC02_67_neu.wav,"e pusimos una alerta de seguridad extrema a su cuenta para evitar que los hackers le vac‚ąö‚Č†en los fondos."","
Neutral,TC02_68_neu.wav,"e‚ąö¬Īor, no se asuste, la alarma que suena es solo un simulacro de evacuaci‚ąö‚Č•n por riesgo de incendio."","
Neutral,TC02_69_neu.wav,"amentablemente la enfermedad de Alzheimer avanza r‚ąö¬įpido, pero le daremos tratamiento para frenar el da‚ąö¬Īo."","
Neutral,TC02_70_neu.wav,"seg‚ąö‚ąęrese de apagar la estufa, una fuga de gas podr‚ąö‚Č†a ser mortal mientras usted duerme."","
Neutral,TC02_71_neu.wav,"emos cancelado el cargo por robo; su dinero est‚ąö¬į a salvo de los rateros, no se preocupe."","
Neutral,TC02_72_neu.wav,"n caso de que usted falte y ocurra su muerte repentina, este testamento proteger‚ąö¬į a sus nietos."","
Neutral,TC02_73_neu.wav,"e‚ąö¬Īora, si el medicamento le causa taquicardia o asfixia, susp‚ąö¬©ndalo y llame al m‚ąö¬©dico de guardia."","
Neutral,TC02_74_neu.wav,"e ayudaremos a reportar el asalto a mano armada para que el banco le devuelva el dinero de su cheque."","
Neutral,TC02_75_neu.wav,"o conf‚ąö‚Č†e en los correos que le dicen que su cuenta est‚ąö¬į bloqueada, son trampas cibern‚ąö¬©ticas peligrosas."","
Neutral,TC02_76_neu.wav,"i el piso est‚ąö¬į mojado, no pise ah‚ąö‚Č†, un resbal‚ąö‚Č•n a su edad puede causar una lesi‚ąö‚Č•n catastr‚ąö‚Č•fica en la cadera."","
Neutral,TC02_77_neu.wav,"e informamos que la vacuna le proteger‚ąö¬į contra una neumon‚ąö‚Č†a grave que podr‚ąö‚Č†a llevarlo a terapia intensiva."","
Neutral,TC02_78_neu.wav,"e‚ąö¬Īor, le cancelamos la tarjeta de cr‚ąö¬©dito destruida por el cajero para que nadie pueda hacer mal uso de ella."","
Neutral,TC02_79_neu.wav,"abemos que el estr‚ąö¬©s de estar endeudado enferma, por eso le ofrecemos este plan para liquidar su cuenta."","
Neutral,TC02_80_neu.wav,"o preste su tarjeta para el pago de apoyos del gobierno, hay mafias que extorsionan a los abuelos."","
Neutral,TC02_81_neu.wav,"e‚ąö¬Īora, si alguien le toca de manera inapropiada durante su examen m‚ąö¬©dico, es un delito y debe gritar."","
Neutral,TC02_82_neu.wav,"a cirug‚ąö‚Č†a de cataratas fue un ‚ąö¬©xito rotundo, ya no hay riesgo de que usted pierda la vista ni quede ciega."","
Neutral,TC02_83_neu.wav,"e dimos de baja la domiciliaci‚ąö‚Č•n porque esa empresa fantasma le estaba robando dinero mes a mes."","
Neutral,TC02_84_neu.wav,"ste bast‚ąö‚Č•n tiene luces de emergencia para que los carros lo vean y evite una tragedia al cruzar de noche."","
Neutral,TC02_85_neu.wav,"e‚ąö¬Īor, la polic‚ąö‚Č†a captur‚ąö‚Č• a los estafadores que le quitaron sus ahorros, estamos trabajando para recuperar todo."","
Neutral,TC04_01_sad.wav,"erd‚ąö‚Č† todo mi dinero, ya no s‚ąö¬© qu‚ąö¬© hacer..."","
Neutral,TC04_02_sad.wav,"ntent‚ąö¬© todo lo posible pero el negocio quebr‚ąö‚Č•."","
Neutral,TC04_03_sad.wav,"e siento muy frustrado, nada de lo que hago sale bien."","
Neutral,TC04_04_sad.wav,"i familiar acaba de fallecer, necesito cancelar la cuenta."","
Neutral,TC04_05_sad.wav,"levo meses sin empleo y no puedo pagar esto."","
Neutral,TC04_06_cold.wav,"""Se‚ąö¬Īor, ya le expliqu‚ąö¬© tres veces que esa tarjeta no pasa en esta m‚ąö¬įquina."","
Neutral,TC04_07_cold.wav,"""Ap‚ąö‚ąęrese a buscar su credencial, do‚ąö¬Īa, que tengo una fila enorme atr‚ąö¬įs de usted."","
Neutral,TC04_08_cold.wav,"""No, as‚ąö‚Č† no es, le dije que presionara el bot‚ąö‚Č•n verde, no la pantalla."","
Neutral,TC04_09_cold.wav,"""Ya se lo dije, yo no puedo hacer nada, tiene que hablar a los tel‚ąö¬©fonos de la Ciudad de M‚ąö¬©xico."","
Neutral,TC04_10_cold.wav,"Se‚ąö¬Īora, hable m‚ąö¬įs fuerte porque no le entiendo absolutamente nada."","
Violencia,TC04_11_cold.wav,"""Me desespera que no traiga sus papeles completos, ahora va a tener que volver ma‚ąö¬Īana."","
Neutral,TC04_12_cold.wav,"Otra vez puso mal la huella, se‚ąö¬Īor, ponga el dedo derecho por favor."","
Neutral,TC04_13_cold.wav,"Yo no s‚ąö¬© qui‚ąö¬©n le dijo eso, pero est‚ąö¬į muy equivocado, aqu‚ąö‚Č† no hacemos ese tr‚ąö¬įmite."","
Violencia,TC04_14_cold.wav,"""Le estoy hablando y parece que no me escucha, preste atenci‚ąö‚Č•n a lo que le digo."","
Violencia,TC04_15_cold.wav,"""Se‚ąö¬Īora, si no sabe usar la aplicaci‚ąö‚Č•n, no es mi problema, busque a alguien que le ayude."","
Violencia,TC04_16_cold.wav,"""Ya le dije que el sistema est‚ąö¬į lento, no me est‚ąö¬© preguntando cada cinco minutos."","
Violencia,TC04_17_cold.wav,"""F‚ąö‚Č†jese por d‚ąö‚Č•nde camina, casi tira todas mis cosas del escritorio."","
Violencia,TC04_18_cold.wav,"""No me cuente toda la historia de su vida, solo d‚ąö‚Č†game a qu‚ąö¬© vino."","
Violencia,TC04_19_cold.wav,"""Se‚ąö¬Īor, esa no es la firma que est‚ąö¬į en su credencial, h‚ąö¬įgalo bien o le cancelo el tr‚ąö¬įmite."","
Violencia,TC04_20_cold.wav,"""Qu‚ąö¬© dif‚ąö‚Č†cil es hacerle entender, de verdad que no me comprende el procedimiento."","
Violencia,TC04_21_cold.wav,"""Ya llevamos media hora en lo mismo y no avanzamos nada con su caso."","
Violencia,TC04_22_cold.wav,"""Si no puede leer el papel, traiga sus lentes la pr‚ąö‚Č•xima vez, yo no se lo voy a leer todo."","
Violencia,TC04_23_cold.wav,"""Le repito que el pago no ha llegado, no insista porque la computadora no miente."","
Violencia,TC04_24_cold.wav,"""Se‚ąö¬Īora, h‚ąö¬įgase a un lado si no va a comprar nada, est‚ąö¬į estorbando el paso."","
Violencia,TC04_25_cold.wav,"""No me levante la voz, yo solo soy un empleado siguiendo las reglas."","
Violencia,TC04_26_cold.wav,"""Ese descuento ya no existe desde hace diez a‚ąö¬Īos, actual‚ąö‚Č†cese por favor."","
Violencia,TC04_27_cold.wav,"""Se‚ąö¬Īor, le ped‚ąö‚Č† una copia, no el documento original, escuche bien las instrucciones."","
Neutral,TC04_28_cold.wav,"No puede pasar sin cita, as‚ąö‚Č† son las reglas y no voy a hacer excepciones."","
Neutral,TC04_29_cold.wav,"Si no se acuerda de su contrase‚ąö¬Īa, yo no puedo adivinarla por usted."","
Violencia,TC04_30_cold.wav,"""Ya le dije que la caja tres est‚ąö¬į cerrada, vaya a formarse a la uno."","
Violencia,TC04_31_cold.wav,"""Me frustra que me traigan los papeles arrugados y manchados, as‚ąö‚Č† no los recibo."","
Neutral,TC04_32_cold.wav,"Se‚ąö¬Īora, ese billete es falso, no me venga con problemas a esta hora."","
Violencia,TC04_33_cold.wav,"""Le estoy diciendo que su seguro ya venci‚ąö‚Č•, no hay manera de que lo atienda hoy."","
Violencia,TC04_34_cold.wav,"""No, no y no, ese tr‚ąö¬įmite se hace por internet, ya no aceptamos papel."","
Violencia,TC04_35_cold.wav,"""Se‚ąö¬Īor, despierte, es su turno, lleva ah‚ąö‚Č† sentado toda la ma‚ąö¬Īana."","
Neutral,TC04_36_cold.wav,"Si no conf‚ąö‚Č†a en lo que le digo, pues vaya y preg‚ąö‚ąęntele al gerente entonces."","
Violencia,TC04_37_cold.wav,"""Me rindo con usted, se‚ąö¬Īora, mejor venga con su hija porque no nos entendemos."","
Neutral,TC04_38_cold.wav,"Le falt‚ąö‚Č• una firma en la p‚ąö¬įgina tres, tiene que volver a formarse desde el principio."","
Violencia,TC04_39_cold.wav,"""No tengo todo el d‚ąö‚Č†a para esperarlo, firme de una vez."","
Violencia,TC04_40_cold.wav,"""Es muy cansado repetirle lo mismo a cada adulto mayor que viene a esta ventanilla."","
Neutral,TC04_41_cold.wav,"Su doctor no est‚ąö¬į, ya le dije, se fue temprano, regrese el lunes."","
Violencia,TC04_42_cold.wav,"""Se‚ąö¬Īora, no me llore aqu‚ąö‚Č†, yo no tengo la culpa de que el gobierno le quite la pensi‚ąö‚Č•n."","
Violencia,TC04_43_cold.wav,"""El cajero se trag‚ąö‚Č• su tarjeta porque usted tard‚ąö‚Č• mucho en sacarla, es culpa suya."","
Neutral,TC04_44_cold.wav,"Si le duelen las piernas si‚ąö¬©ntese all‚ąö¬į, pero no me est‚ąö¬© reclamando a m‚ąö‚Č† por la fila."","
Violencia,TC04_45_cold.wav,"""Ya basta de quejas, o toma lo que le ofrezco o cancelamos todo el servicio."","
Violencia,TC05_01_cold.wav,"""Te juro que te voy a encontrar y te voy a destruir por completo."","
Violencia,TC05_02_cold.wav,"""Espero que disfrutes tus ‚ąö‚ąęltimos d‚ąö‚Č†as en la empresa."","
Violencia,TC05_03_cold.wav,"""Si no haces lo que te digo, habr‚ąö¬į consecuencias muy graves."","
Violencia,TC05_04_cold.wav,"""Me das mucha l‚ąö¬įstima, eres un ser humano pat‚ąö¬©tico."","
Violencia,TC05_05_cold.wav,"""No te voy a gritar, pero quiero que sepas que te detesto."","
Violencia,TC05_06_cold.wav,"""Ay, abuelito, si no sabe usar el cajero autom‚ąö¬įtico mejor qu‚ąö¬©dese en su camita."","
Violencia,TC05_07_cold.wav,"""Claro, como usted es de otra ‚ąö¬©poca, es normal que la tecnolog‚ąö‚Č†a le d‚ąö¬© tanto miedo."","
Neutral,TC05_08_cold.wav,"""A ver, mi ni‚ąö¬Īo, le voy a explicar con manzanas para ver si su cabecita me entiende."","
Neutral,TC05_09_cold.wav,"""Qu‚ąö¬© b‚ąö¬įrbaro, don Jos‚ąö¬©, qu‚ąö¬© memoria la suya, seguro se le olvida hasta c‚ąö‚Č•mo se llama."","
Neutral,TC05_10_cold.wav,"""Uy, do‚ąö¬Īa, a este paso va a terminar el tr‚ąö¬įmite para cuando sus nietos se grad‚ąö‚ąęen."","
Neutral,TC05_11_cold.wav,"""Tranquilo, don, t‚ąö‚Č•mese sus pastillitas para la memoria antes de venir al banco."","
Neutral,TC05_12_cold.wav,"""Ay, qu‚ąö¬© ternura, cree que todav‚ąö‚Č†a estamos en mil novecientos ochenta y que todo es con papel."","
Neutral,TC05_13_cold.wav,"""Se‚ąö¬Īora, le sugiero que mejor mande a alguien m‚ąö¬įs joven que s‚ąö‚Č† sepa de estas cosas."","
Violencia,TC05_14_cold.wav,"""Bravo, por fin logr‚ąö‚Č• poner su huella bien, merece una estrellita en la frente."","
Violencia,TC05_15_cold.wav,"""A ver, abuelita, ponga atenci‚ąö‚Č•n que no lo voy a repetir, abra bien las orejas."","
Violencia,TC05_16_cold.wav,"""Qu‚ąö¬© maravilla, me encanta perder mi tiempo explic‚ąö¬įndole lo mismo a los de la tercera edad."","
Violencia,TC05_17_cold.wav,"""Uy, cuidado, no se vaya a quebrar caminando tan r‚ąö¬įpido, se‚ąö¬Īor."","
Violencia,TC05_18_cold.wav,"""Me fascina su terquedad, se nota que los a‚ąö¬Īos no lo hacen m‚ąö¬įs sabio, sino m‚ąö¬įs necio."","
Violencia,TC05_19_cold.wav,"""Se‚ąö¬Īora, la pantalla es t‚ąö¬įctil, no necesita golpearla con el dedo como si fuera m‚ąö¬įquina de escribir."","
Violencia,TC05_20_cold.wav,"""Ay, por favor, no se haga la v‚ąö‚Č†ctima, ni que estuviera tan viejita para no entender esto."","
Violencia,TC05_21_cold.wav,"""Claro que no me molesta repetirle las cosas cinco veces, es mi pasatiempo favorito."","
Violencia,TC05_22_cold.wav,"""M‚ąö‚Č†relo, tan grandecito y todav‚ąö‚Č†a necesita que su hija le venga a hacer los tr‚ąö¬įmites."","
Violencia,TC05_23_cold.wav,"""Qu‚ąö¬© bonita su credencial, don, la foto es de cuando todav‚ąö‚Č†a ten‚ąö‚Č†a pelo, ¬¨√łverdad?"","
Violencia,TC05_24_cold.wav,"""A ver, linda, no se me ponga nerviosa que la computadora no muerde a los abuelitos."","
Violencia,TC05_25_cold.wav,"""Me sorprende que haya llegado solo hasta aqu‚ąö‚Č†, don, ¬¨¬įqu‚ąö¬© logro tan impresionante!"","
Violencia,TC05_26_cold.wav,"""Ay, se‚ąö¬Īora, si le explico el internet le va a dar un derrame, mejor as‚ąö‚Č† d‚ąö¬©jelo."","
Violencia,TC05_27_cold.wav,"""Qu‚ąö¬© simp‚ąö¬įtico que todav‚ąö‚Č†a traiga su libreta de ahorros de hace cuarenta a‚ąö¬Īos, es pieza de museo."","
Violencia,TC05_28_cold.wav,"""Se‚ąö¬Īor, no grite, el sordo es usted, no yo, no necesita alzar la voz."","
Violencia,TC05_29_cold.wav,"""Uy, no, a su edad ya para qu‚ąö¬© se preocupa por comprar un seguro de vida, es un poco tarde."","
Violencia,TC05_30_cold.wav,"""Ay, abuelito, deje que los adultos nos encarguemos de los problemas de dinero."","
Violencia,TC05_31_cold.wav,"""Claro, la culpa siempre es de la maquinita, no de que usted le pic‚ąö‚Č• mal con sus dedos temblorosos."","
Violencia,TC05_32_cold.wav,"""Me encanta c‚ąö‚Č•mo me cuenta historias de su juventud mientras hay quince personas esperando, s‚ąö‚ąęper oportuno."","
Violencia,TC05_33_cold.wav,"""Qu‚ąö¬© milagro que se acord‚ąö‚Č• de su NIP, casi pido un deseo."","
Violencia,TC05_34_cold.wav,"""Se‚ąö¬Īora, si va a caminar as‚ąö‚Č† de despacio, mejor pida que le presten una silla de ruedas."","
Violencia,TC05_35_cold.wav,"""Tranquila, do‚ąö¬Īita, respire, no se nos vaya a infartar aqu‚ąö‚Č† por un simple papelito."","
Violencia,TC05_36_cold.wav,"""Qu‚ąö¬© bonito su celular de botones, seguro lo compr‚ąö‚Č• junto con la televisi‚ąö‚Č•n de blanco y negro."","
Violencia,TC05_37_cold.wav,"""A ver, campe‚ąö‚Č•n, int‚ąö¬©ntelo de nuevo, yo s‚ąö¬© que a su edad las cosas simples son muy dif‚ąö‚Č†ciles."","
Violencia,TC05_38_cold.wav,"""Claro, porque a los ochenta a‚ąö¬Īos uno es experto en leer contratos legales, ¬¨√łverdad?"","
Violencia,TC05_39_cold.wav,"""Uy, don, si me va a dictar su correo letra por letra mejor terminamos ma‚ąö¬Īana."","
Violencia,TC05_40_cold.wav,"""Qu‚ąö¬© paciencia hay que tener con ustedes los viejitos, son como ni‚ąö¬Īos pero con arrugas."","
Violencia,TC05_41_cold.wav,"""Ay, se‚ąö¬Īora, no se enoje, las arrugas se le van a marcar m‚ąö¬įs y no queremos eso."","
Violencia,TC05_42_cold.wav,"""Me conmueve su intento de usar la aplicaci‚ąö‚Č•n, es un esfuerzo muy tierno aunque no sirva de nada."","
Violencia,TC05_43_cold.wav,"""Se‚ąö¬Īor, la contrase‚ąö¬Īa es de n‚ąö‚ąęmeros, no de la fecha en que naci‚ąö‚Č• Benito Ju‚ąö¬įrez."","
Violencia,TC05_44_cold.wav,"""Claro que le creo que usted pag‚ąö‚Č• a tiempo, a los abuelitos nunca se les olvida nada, aj‚ąö¬į."","
Violencia,TC05_45_cold.wav,"""Ay, do‚ąö¬Īa, v‚ąö¬įyase a descansar, ya no est‚ąö¬į en edad de hacer corajes en una ventanilla."""